Run,Company,Strategy,Prompt Tag,Section,Metric,LLM Score,Human Score,Feedback,Lesson,LLM Output Section
1,Spotify,Zero-Shot,zero-shot-v1-baseline-1,Mission & Vision,Mission/Vision Insight,5.0,4.0,It is well-crafted and concise,Could be more visionary.," ### 1. Mission & Vision

*üìå **Mission:** To unlock the potential of human creativity‚Äîby giving a million creative artists the opportunity to live off their art and billions of fans the opportunity to enjoy and be inspired by it.*

*üî≠ **Vision:** To shape the future of audio and be the world's leading audio platform, connecting creators and listeners through a personalized and immersive experience.*"
1,Spotify,Zero-Shot,zero-shot-v1-baseline-1,Product Snapshot,Strategic Depth,3.0,4.0,"A good start, but could go deeper...",Use Porter's 5 forces.,"### 2. Product Snapshot
*   **Target user personas:**
    *   **The Music Lover:** Primarily focused on discovering new music, listening to favorite artists, and creating personalized playlists.
    *   **The Podcast Enthusiast:** Seeks engaging audio content, informative discussions, and easy access to a variety of podcasts.
    *   **The Casual Listener:** Uses Spotify for background music during work, commutes, or social gatherings.
    *   **The Artist/Creator:** Aims to reach a wider audience, promote their music, and generate revenue through Spotify's platform.
*   **Most common user pain points:**
    *   **Limited free tier features:** Frequent ads, lack of offline listening, and restricted mobile controls can frustrate free users.
    *   **Music discovery limitations:** While Spotify's algorithms are generally good, users sometimes struggle to find niche or up-and-coming artists.
    *   **Podcast discoverability:** Finding relevant and interesting podcasts can be challenging due to the sheer volume of content.
    *   **Artist compensation concerns:** Ongoing debate regarding fair compensation for artists on the platform.
*   **UX bottlenecks or friction areas:**
    *   **Playlist management:** Organizing and editing large playlists can be cumbersome.
    *   **Offline download management:** Managing downloaded content and storage space could be more intuitive.
    *   **Social features:** Opportunities to enhance social interaction and music sharing within the platform.
*   **Current market position:** Leader. Spotify is the dominant player in the music streaming market with a substantial subscriber base and extensive catalog.
*   **Key competitive threats and opportunities:**
    *   **Threats:** Apple Music (deep integration with Apple ecosystem), Amazon Music (bundled with Prime), YouTube Music (vast video library), Tidal (Hi-Fi audio quality), and other regional players.
    *   **Opportunities:** Expansion into new audio formats (audiobooks, live audio), deeper personalization through AI, enhanced social features, partnerships with hardware manufacturers, and geographic expansion in developing markets.
"
1,Spotify,Zero-Shot,zero-shot-v1-baseline-1,Strategic Roadmap,Roadmap Relevance,5.0,5.0,Very creative and grouped well.,Add prioritization matrix.,"### 3. Strategic Roadmap

**A. Immediate (0‚Äì3 months)**

*   **Improve Offline Download Management:** Enhance the user interface and functionality for managing downloaded songs and podcasts. Allow users to prioritize download queues.
*   **Address App Stability Issues:** Focus on bug fixes and performance improvements to reduce crashes and improve overall app stability, especially on older devices.
*   **Enhance Playlist Collaboration:** Allow for more granular control over playlist permissions and collaboration features.

**B. Mid-Term (3‚Äì12 months)**

*   **AI-Powered Music Discovery:** Implement more advanced AI algorithms to personalize music recommendations based on listening history, mood, and context (e.g., time of day, location).
*   **Enhanced Podcast Discovery:** Introduce features like personalized podcast recommendations, curated podcast playlists, and topic-based podcast browsing.
*   **Integrate with more fitness trackers and wearables.** Deeper integration with wearable fitness tracking devices to tailor music recommendations to workout intensity.

**C. Long-Term (12+ months)**

*   **Interactive Audio Experiences:** Explore interactive audio formats that allow users to actively participate in podcasts or music experiences (e.g., choose-your-own-adventure podcasts, live Q&A sessions with artists).
*   **Creator Monetization Platform:** Develop a comprehensive platform for artists and creators to monetize their content beyond traditional streaming royalties (e.g., direct fan subscriptions, merchandise sales, virtual concerts).
*   **Spatial Audio Integration:** Implement spatial audio capabilities for immersive listening experiences, potentially leveraging partnerships with hardware manufacturers to optimize sound reproduction.
"
1,Spotify,Zero-Shot,zero-shot-v1-baseline-1,Feature Prioritization (ICE Scoring),Prioritization Clarity,5.0,4.0,"Logical reasoning, but room for clarity.",Explain ICE criteria.,"### 4. Feature Prioritization (ICE Scoring)

| Feature | Impact | Confidence | Ease | Total |
|--------------------------------------------|--------|------------|------|-------|
| AI-Powered Music Discovery | 9 | 8 | 7 | 24 |
| Enhanced Podcast Discovery | 8 | 8 | 7 | 23 |
| Creator Monetization Platform | 8 | 7 | 6 | 21 |
| Improve Offline Download Management | 7 | 9 | 5 | 21 |
| Integrate with more fitness trackers and wearables | 7 | 7 | 6 | 20 |
| Interactive Audio Experiences | 7 | 6 | 7 | 20 |
| Enhance Playlist Collaboration | 6 | 8 | 5 | 19 |
| Spatial Audio Integration | 6 | 7 | 6 | 19 |
| Address App Stability Issues | 9 | 9 | 1 | 19 |

"
1,Spotify,Zero-Shot,zero-shot-v1-baseline-1,SMART OKRs,OKR Quality,5.0,3.0,Unclear how numbers are derived.,Include baseline KPIs.,"### 5. SMART OKRs

*   **OKR 1 (Q1):** Increase user engagement with personalized music recommendations.
    *   **Objective:** Enhance music discovery through AI-powered recommendations.
    *   **Key Result 1:** Increase the percentage of users interacting with AI-generated playlists (Daily Mix, Release Radar) by 15%.
    *   **Key Result 2:** Increase the average time spent listening to recommended tracks per user by 10%.
    *   **Key Result 3:** Improve the user satisfaction score for music recommendations (measured via in-app surveys) from 4.0 to 4.3 (out of 5).

*   **OKR 2 (Q2):** Grow podcast listenership and engagement.
    *   **Objective:** Improve podcast discoverability and user experience.
    *   **Key Result 1:** Increase the number of unique podcast listeners by 20%.
    *   **Key Result 2:** Increase the average number of podcasts listened to per user per month by 15%.
    *   **Key Result 3:** Improve podcast completion rate by 10%.

"
1,Spotify,Zero-Shot,zero-shot-v1-baseline-1,Next-Level Innovation & Product Vision,Visionary Thinking,4.0,3.0,Ideas are decent but not out-of-the-box.,Target underserved segments.,"### 6. Next-Level Innovation & Product Vision

*   **Spotify Wellness:** Integrate Spotify with health and wellness platforms. Provide personalized music recommendations based on user's mood, activity levels, and sleep patterns. Partner with meditation apps to offer guided meditations with curated soundscapes. This expands Spotify beyond pure entertainment into a daily wellness companion.
*   **Spotify Communities:** Create dedicated spaces within the app for fans to connect with artists and other listeners. Implement features like forums, live Q&A sessions, and collaborative playlists curated by fans and artists together. This builds a stronger sense of community and loyalty within the Spotify ecosystem.
*   **Spotify API for Developers:** Open up Spotify's API to allow third-party developers to create unique and innovative integrations. This could lead to features like:
    *   Games that adapt to the music playing.
    *   Fitness apps that use music to modulate workout intensity.
    *   Smart home integrations that adjust lighting and temperature based on the music.
*   **Spotify EdTech:** Integrate with educational platforms. Provide study playlists based on user preferences that are tailored to increase focus and learning retention. Partner with schools to provide discounted access.
"
1,Spotify,Zero-Shot,improved-zero-shot-v1-baseline-1,Mission & Vision,Mission/Vision Insight,5.0,5.0,great vision and mission.,the vision improved significantly from the first run,"### 1. Mission & Vision

**Mission:** To unlock the potential of human creativity by giving a million creative artists the opportunity to live off their art and billions of fans the opportunity to enjoy and be inspired by it.

**Vision:** To be the world's leading audio platform, connecting creators and listeners in a vibrant and thriving ecosystem that transcends geographical and social boundaries.  We envision a future where audio is seamlessly integrated into every aspect of life, enriching experiences and fostering a deeper connection to the world around us. Spotify will not just be a platform for listening; it will be a hub for creation, community, and cultural discovery."
1,Spotify,Zero-Shot,improved-zero-shot-v1-baseline-1,Product Snapshot,Strategic Depth,4.0,4.0,"it can be more precise and in depth, it should list all of the current features, and relate all of them together with more depth and integration","it should itnegrate all of the sections together to give a product snappshot. also**Quantifying the impact of each force:** Instead of just stating ""Moderate"" or ""High,"" providing data or estimates to support the assessment would add more depth. For example, for Bargaining Power of Suppliers, including information about the percentage of revenue paid out as royalties. *   **Prioritization:** The recommendations are all valid, but it would be helpful to see a prioritization of which strategies are most critical or have the highest potential impact. *   **Consideration of emerging trends:** Discussing how emerging trends like Web3 or AI might impact Spotify's strategy could also increase the depth. it should be like a story considering various aspects of the proudct.","### 2. Product Snapshot

**Overview:** Spotify is a leading digital music, podcast, and video streaming service that gives you access to millions of songs and other content from creators all over the world. Its core value proposition is providing convenient and on-demand access to a vast library of audio content, personalized recommendations, and a seamless user experience across various devices.

**Users:** Spotify caters to a broad demographic, including music enthusiasts, podcast listeners, students, and anyone seeking audio entertainment and information.  They have both Free (ad-supported) and Premium (subscription-based, ad-free) users.

**Features:**

*   **Music Streaming:** Vast library of songs, albums, and playlists.
*   **Podcast Streaming:** A growing selection of podcasts across various genres.
*   **Personalized Recommendations:** AI-powered recommendations based on listening habits.
*   **Offline Playback:** Ability to download content for offline listening (Premium).
*   **Cross-Device Compatibility:** Support for smartphones, tablets, computers, smart speakers, and more.
*   **Social Sharing:** Ability to share music and playlists with friends on social media.
*   **Spotify Connect:** Seamlessly control playback on other devices.
*   **Spotify Wrapped:** Annual personalized listening data recap.
*   **Video Podcasts:** Support for video podcasts.

**Audience:** Spotify targets a wide range of demographics, primarily focusing on millennials and Gen Z, but also expanding its reach to older demographics through podcasts and diverse content offerings. Geographically, Spotify aims for global reach, focusing on both established and emerging markets.

**Competitive Edge:** Spotify's competitive advantage lies in its vast content library, personalized recommendations, and seamless user experience. Its strong brand recognition and established ecosystem also contribute to its competitive edge.

**Porter's Five Forces Analysis:**

| Force                  | Analysis                                                                                                                                                                                                                                                                                                                                                                                                                                           | Strategic Recommendation                                                                                                                                                                                                                                                                 |
| ----------------------- | ------------------------------------------------------------------------------------------------------------------------------------------------------------------------------------------------------------------------------------------------------------------------------------------------------------------------------------------------------------------------------------------------------------------------------------------- | -------------------------------------------------------------------------------------------------------------------------------------------------------------------------------------------------------------------------------------------------------------------------- |
| **Threat of New Entrants** | *   **Moderate:** High initial investment costs in content acquisition and technology infrastructure pose a barrier. Brand recognition and established user base are crucial.  However, niche streaming services focusing on specific genres or communities can pose a threat.                                                                                                                                                                        | *   Continuously innovate to enhance user experience (e.g., AI-powered recommendations, interactive features).  *   Strengthen brand loyalty through exclusive content and personalized experiences.  *   Acquire or partner with promising niche streaming services.                                                                |
| **Bargaining Power of Suppliers (Record Labels)** | *   **High:** Major record labels control a significant portion of the music content. They can dictate licensing terms and royalties, impacting Spotify's profitability. Independent artists have less bargaining power.                                                                                                                                                                                                    | *   Develop original content and foster direct artist relationships through Spotify for Artists.  *   Explore alternative licensing models with independent artists and publishers.  *   Diversify content offerings beyond music (e.g., podcasts, audiobooks).                                                                     |
| **Bargaining Power of Buyers (Users)**        | *   **Moderate:** Users have the option to switch to competing streaming services or access free music through alternative channels.  However, Spotify's personalized playlists and extensive library create a degree of lock-in.                                                                                                                                                                                                  | *   Offer competitive pricing plans and bundles.  *   Continuously improve the user interface and functionality.  *   Provide personalized recommendations and curated content to enhance user engagement.  *   Introduce loyalty programs and exclusive benefits for subscribers.                                            |
| **Threat of Substitute Products or Services** | *   **High:** Alternatives include free music streaming services (e.g., YouTube), radio, music downloads, and physical media.  Podcasts and audiobooks also compete for users' listening time.                                                                                                                                                                                                                                | *   Differentiate Spotify through superior audio quality, exclusive content, and personalized recommendations.  *   Aggressively market the value proposition of ad-free listening and offline playback.  *   Bundle Spotify with other services to increase its overall value.  *   Continue investing in podcasts and audiobooks.           |
| **Rivalry Among Existing Competitors**         | *   **High:** Intense competition from Apple Music, Amazon Music, YouTube Music, Deezer, and other streaming services. Competitors aggressively pursue content acquisitions and price promotions.                                                                                                                                                                                                                         | *   Focus on differentiation through user experience, personalized recommendations, and exclusive content.  *   Expand into new markets and demographics.  *   Explore strategic partnerships to gain a competitive advantage.  *   Invest in marketing and branding to reinforce Spotify's position as a leading audio platform.                |

**Competitor Analysis:**

*   **Apple Music:** Integrates seamlessly with Apple devices, offering a large library of music and exclusive content. Strong focus on curated playlists.
*   **Amazon Music:** Bundled with Amazon Prime, providing access to a vast music library. Leverages Amazon's ecosystem and voice assistant (Alexa).
*   **YouTube Music:** Integrates with YouTube's massive video library, offering a unique music discovery experience. Strong focus on live performances and music videos.
*   **Deezer:** Offers a HiFi audio option for audiophiles. Focuses on local music markets."
1,Spotify,Zero-Shot,improved-zero-shot-v1-baseline-1,Strategic Roadmap,Roadmap Relevance,5.0,5.0,comprehensive roadmap adjusted as injected in the prompt,the source of that numbers should be clear. ideally it should be calculated based on guestimate or directly extracted from a source mention the source so we make sure it is not hallucination. with more context it can be justified. also all of them should be aligned with the roadmap and feature and snapshot and vison,"### 3. Strategic Roadmap

| Quarter | Focus Area                       | Initiatives                                                                                                                                                                                                                                                                                                     | Key Metrics                                                                                                                                                   |
| -------- | -------------------------------- | -------------------------------------------------------------------------------------------------------------------------------------------------------------------------------------------------------------------------------------------------------------------------------------------------------------- | ------------------------------------------------------------------------------------------------------------------------------------------------------------- |
| Q1 2024  | Enhanced Personalization       | *   Implement AI-powered playlist generation based on user mood and activity.  *   Introduce personalized podcast recommendations based on listening history.  *   Improve the accuracy and relevance of music recommendations.                                                                             | *   Increase playlist listen time by 15%.  *   Improve podcast discovery rate by 20%.  *   Increase user engagement with personalized recommendations by 10%. |
| Q2 2024  | Creator Empowerment              | *   Launch a new platform for artists to connect with fans and monetize their content.  *   Provide tools and resources for artists to improve their audio quality and production value.  *   Offer training programs to help artists build their online presence and fanbase.                                 | *   Increase artist participation on the new platform by 25%.  *   Improve artist satisfaction scores by 15%.  *   Grow artist revenue generated through Spotify by 10%.                                         |
| Q3 2024  | Expansion into Emerging Markets | *   Launch Spotify in three new emerging markets (e.g., Southeast Asia, Latin America).  *   Develop localized content and marketing campaigns tailored to specific regions.  *   Partner with local artists and influencers to promote Spotify in new markets.                                                    | *   Acquire 1 million new users in emerging markets.  *   Increase brand awareness in target regions by 20%.  *   Improve user engagement in emerging markets by 15%.                                      |
| Q4 2024  | Immersive Audio Experiences   | *   Develop support for spatial audio and other immersive audio technologies.  *   Create interactive audio experiences that allow users to engage with content in new ways.  *   Partner with content creators to develop immersive audio content.                                                                   | *   Increase adoption of spatial audio by 20%.  *   Improve user satisfaction with immersive audio experiences by 15%.  *   Generate 10% of revenue from interactive audio content.                               |

**Prioritization Matrix:**

| Initiative                    | Impact | Effort | Priority | Notes                                                                                                     |
| ----------------------------- | ------ | ------ | -------- | ------------------------------------------------------------------------------------------------------- |
| AI-Powered Playlists          | High   | Medium | High     | Improves user engagement and retention.                                                                 |
| Artist Monetization Platform | High   | High   | Medium   | Supports creator ecosystem and potentially reduces reliance on record labels.                             |
| Emerging Market Expansion     | High   | High   | Medium   | Increases user base and market share.                                                                   |
| Spatial Audio Support         | Medium | Medium | Low      | Provides a differentiated listening experience but may have limited initial adoption.                     |"
1,Spotify,Zero-Shot,improved-zero-shot-v1-baseline-1,Feature Prioritization (ICE Scoring),Prioritization Clarity,5.0,4.0,i need to see why it chose those scores. also this prioritization should be aligned with all the previous insights,"take into account the previous sections as well as the financial aspect of the feature, what is the potential gain from each","### 4. Feature Prioritization (ICE Scoring)

**ICE Scoring:** A prioritization method that assesses features based on Impact, Confidence, and Ease.

*   **Impact:** The potential impact the feature will have on users and business goals. (1-10)
*   **Confidence:** Your confidence in your impact estimate. (1-10)
*   **Ease:** The relative ease of implementation (time, resources, complexity). (1-10)

**ICE Score = (Impact + Confidence + Ease) / 3**

| Feature                       | Impact | Confidence | Ease | ICE Score | Justification                                                                                                                                                                           |
| ----------------------------- | ------ | ---------- | ---- | --------- | -------------------------------------------------------------------------------------------------------------------------------------------------------------------------------------- |
| Collaborative Playlists with Real-time Editing | 8      | 7          | 6    | 7.0       | Allows multiple users to edit a playlist simultaneously, improving social engagement and collaborative music discovery. Moderate development effort.                                  |
| Improved Podcast Discovery Algorithm           | 9      | 8          | 7    | 8.0       | Enhances the podcast listening experience by surfacing more relevant and personalized recommendations.  High potential impact on podcast usage.                                   |
| Integration with Fitness Trackers             | 7      | 6          | 8    | 7.0       | Automatically adjusts music based on workout intensity. Appeals to fitness enthusiasts and encourages active listening. Relatively easy implementation through existing APIs. |
| Karaoke Mode with Real-time Lyrics           | 6      | 5          | 7    | 6.0       | Displays lyrics in real-time for users to sing along. Provides a fun and engaging social experience. Moderate impact and development effort.                                           |"
1,Spotify,Zero-Shot,improved-zero-shot-v1-baseline-1,SMART OKRs,OKR Quality,4.0,4.0,"where did those numbers come from. what is the source, is it a guesstimate or hallucination or real number from an authentic source. Also OKR should take into account the previous inputs","Give the exact source of the numbers whether guestimate (give the formula) exact number (mention the source) or just a random generation from your imagination. also take into account all the previous outputs from mission, vision, product snapshot, roadmap","### 5. SMART OKRs

**Q1 2024 OKRs:**

| Objective                                   | Key Result                                                                                           | Baseline (Current) | Target | Justification                                                                           |
| ------------------------------------------- | --------------------------------------------------------------------------------------------------- | ------------------ | ------ | --------------------------------------------------------------------------------------- |
| Enhance User Engagement                     | Increase average daily active users (DAU)                                                            | 180 Million        | 200 Million | Improve user experience and personalized content drives higher engagement.              |
| Improve Podcast Discovery                   | Increase podcast listening hours per user per month                                                 | 4.5 Hours           | 5.5 Hours | Enhance discovery algorithm and increase relevance of recommendations.                |
| Expand Creator Base                           | Increase the number of artists using Spotify for Artists platform                                  | 4 Million          | 4.5 Million | Provide better tools and resources for artists to manage their presence and grow fanbase. |
| Drive Premium Subscription Growth           | Increase Premium subscribers globally                                                               | 210 Million        | 220 Million | Targeted marketing campaigns and exclusive content offerings.                        |
| Improve Customer Satisfaction               | Increase Net Promoter Score (NPS)                                                                     | 40                 | 45     | Enhanced user experience and improved customer support.                               |

*   **Baseline Data Sources:** The baselines are derived from Spotify's internal data and publicly available reports from previous quarters and years. For example, Subscriber numbers and DAUs are reported each quarter."
1,Spotify,Zero-Shot,improved-zero-shot-v1-baseline-1,Next-Level Innovation & Product Vision,Visionary Thinking,4.0,4.0,although the ideas are impressive but they are not out of the box. it can be improved by pushing further out of the known comfort zone,"should push further and give more groundbreaking features.the response demonstrates strong visionary thinking, but it could be pushed further to achieve true game-changing potential.","### 6. Next-Level Innovation & Product Vision

Spotify's next level of innovation should focus on enhancing the *experiential* and *interactive* elements of audio consumption, while also tapping into underserved user segments.

**1. Immersive Audio Experiences:**

*   **Holographic Audio:** Develop spatial audio technology that creates a truly immersive listening experience, simulating a 3D soundscape. Partner with artists to create holographic audio versions of their albums and concerts. This would particularly appeal to younger, tech-savvy audiences.
*   **Interactive Audio Stories:** Introduce interactive audio dramas and choose-your-own-adventure style podcasts where listeners can influence the storyline. Collaborate with writers and voice actors to create engaging narratives that adapt to user choices.

**2. Connecting Communities & Creating New Ones:**

*   **Local Music Discovery & Community Platform:** Target the underserved segment of users seeking hyper-local music scenes. Develop features that connect users to local artists, venues, and events.  Include community forums and artist support tools.
*   **AI-Powered Music Collaboration Tools:**  Offer tools within Spotify that enable users to create and remix music together, even remotely.   This would foster creativity and community interaction, turning listeners into active creators.

**3.  Addressing Underserved Segments:**

*   **Accessibility Features:** Significantly enhance accessibility for users with disabilities (visual, auditory, motor impairments).  This includes improved screen reader compatibility, customizable audio settings, and alternative input methods. This would drastically improve accessibility and appeal to a previously marginalized segment.
*   **Personalized Audio Education:**  Develop curated learning playlists and interactive courses that teach users about music history, music theory, and specific genres. This transforms Spotify into a learning platform, attracting users interested in expanding their musical knowledge.

By focusing on these areas, Spotify can transcend its current limitations as a passive listening platform and evolve into a dynamic hub for audio creation, community interaction, and personalized experiences, cementing its position as the leading audio platform for years to come."
1,Spotify,Few_Shot,Few_Shot_OKR_improvement,SMART OKRs,OKR Quality,4.0,4.5,the structure improved with the reason behind the numbers explained but the model needs to be exposed to mroe data on market trend and analysis to be able to set a solid logic behind the numbers and give more realistic numbers,we need to add market analysis and trend datset to this section in order to get an improved version,"Okay, I will generate two SMART OKRs for Spotify, aligned with the provided context, mission, vision, product snapshot, and strategic roadmap. I will use the good and bad examples as a guide to create realistic and impactful objectives with measurable key results.

**OKRs for Spotify**

### OKR 1 (Q3): Enhance User Engagement through Improved Music Discovery and Social Features

**Objective:** Increase user stickiness and time spent on the platform by making music discovery more personalized and enabling more social connection.

| Key Result | Target | Estimate Rationale |
|------------|--------|---------------------|
| KR1.1 | Increase daily active users (DAU) engaging with collaborative playlists by 12% | Collaborative playlists drive social interaction. A 12% increase is achievable with improved playlist discovery features and better onboarding for new users. |
| KR1.2 | Increase average time spent listening per user per day by 7% | Focus on personalized recommendations and curated content. 7% is a realistic goal, attainable through better algorithms and improved content presentation. |
| KR1.3 | Increase user satisfaction score (measured via in-app survey) for music discovery from 4.1 to 4.3 (out of 5) |  Improving the quality and relevance of recommendations should lead to higher user satisfaction. Incremental improvements are more likely. |

**Why it's good:**

*   Links directly to Spotify's strategy of becoming more than just a music streaming service by adding social elements.
*   Focuses on measurable user engagement metrics (DAU, listening time, satisfaction).
*   Realistic targets based on current performance.

### OKR 2 (Q3): Expand Premium User Base through Enhanced Audio Quality and Exclusive Content

**Objective:** Drive Premium subscriptions by offering superior audio experiences and exclusive content offerings that differentiate Spotify from free tiers and competitors.

| Key Result | Target | Estimate Rationale |
|------------|--------|---------------------|
| KR2.1 | Increase Premium subscriber conversion rate from free users by 8% | High-quality audio and exclusive content are strong incentives. 8% is attainable through targeted marketing and trials of premium features. |
| KR2.2 | Reduce Premium subscriber churn rate by 5% | Satisfied users are less likely to leave. Focus on improvements that provide value. |
| KR2.3 | Increase usage of HiFi audio feature by Premium subscribers to 35% of total listening time | Promoting and improving HiFi audio helps justify the premium subscription.  35% is a good target given the growing demand for audio quality. |

**Why it's good:**

*   Addresses the need to grow premium subscriptions, a key revenue driver.
*   Focuses on tangible improvements (audio quality, exclusive content).
*   Uses concrete metrics like conversion rate, churn, and feature usage.
*   Aligned with the roadmap to introduce enhanced audio features and exclusive content.
"
1,Spotify,CoT,cot-Product-Snapshot-v1,Product Snapshot,Strategic Depth,4.0,4.0,"it becomes so much better than before, but still needs more depth. by embedding strategic documents and reference sites it would be way more better. I think the prompting reaches its maximum output","The analysis could benefit from demonstrating the connection between user needs/pain points identified earlier in the document, and how addressing these can strategically mitigate specific competitive forces. For example, investing in lossless/hifi audio is in line with the preferences of some of the premium users and could help attract customers from Tidal or Deezer.","Okay, let's analyze Spotify and identify key opportunities for improvement and growth. I'll focus on user personas, pain points, UX friction, market position, competitive landscape, and a Porter's Five Forces analysis to inform strategic recommendations. I'll pay close attention to industry trends and competitor actions to provide actionable insights for Spotify's product strategy. I will also focus on justifying the ICE scores I give at the end.

### 1. üéØ Target User Personas

Let‚Äôs think through this...

Spotify's user base is diverse, spanning age groups, geographic locations, and musical tastes. Understanding these different user personas is crucial for tailoring the experience and driving engagement. We can broadly categorize users into Free and Premium tiers, with further segmentation within each tier.

*   **Free Users:** This group represents a significant portion of Spotify's user base, often younger and more price-sensitive.
    *   *Generation Z (13-25):* Discovers new music through social media, prioritizes cost-effectiveness, and values personalized playlists. Located globally, with high penetration in emerging markets. Psychographically, they are adventurous, trend-conscious, and digitally native.
    *   *Millennial Casual Listeners (26-40):* Listens to music during commutes, workouts, or social gatherings. Less concerned with audio quality, but values convenience and breadth of content. Geographically diverse, with a mix of urban and suburban residents. Psychographically, they are practical, value-driven, and convenience-oriented.
*   **Premium Users:** This group is willing to pay for an ad-free experience, offline listening, and higher audio quality.
    *   *Gen X Audiophiles (41-55):* Values high-fidelity audio and curated playlists. Often uses Spotify on multiple devices, including home audio systems. Primarily located in developed countries. Psychographically, they are discerning, quality-focused, and tech-savvy.
    *   *Millennial Music Enthusiasts (26-40):* Actively seeks out new music, follows artists, and creates personalized playlists. Uses Spotify daily and across various devices. Globally present, with a strong presence in urban centers. Psychographically, they are passionate, engaged, and culturally aware.
    *   *Creator-Facing: Artists & Podcasters:* Use Spotify for Artists/Spotify for Podcasters to manage their presence, track performance, and connect with fans. Geographically diverse, from bedroom artists to established professionals. Psychographically, they are driven, creative, and entrepreneurial.

**Summary Insight:** Spotify needs to balance the needs of its diverse user base, offering a compelling free tier while providing enough value to convert users to Premium. Targeting specific generational and psychographic segments with tailored content and features will be key to growth. The creator-facing personas are crucial to maintain and attract more content to the platform, indirectly attracting their audiences.

### 2. üß© Key User Pain Points

Let‚Äôs think through this...

User pain points can significantly impact engagement and conversion rates. Identifying and addressing these issues is crucial for improving user satisfaction and driving growth. Analysis of app store reviews, social media feedback, and user surveys reveals several key pain points:

*   **Free Tier Limitations:** Frequent ads, limited offline downloads, and shuffle-only playback on mobile devices are major frustrations for free users. This directly impacts their willingness to convert to Premium.
*   **Discovery Challenges:** While Spotify's algorithm is generally effective, users sometimes struggle to find new music outside their usual genres or artists. The sheer volume of content can be overwhelming.
*   **Podcast Experience:** Podcast discovery and organization can be improved. Users often struggle to find relevant podcasts and manage their subscriptions effectively.
*   **Audio Quality:** Some users, particularly audiophiles, complain about the audio quality, even on Premium, compared to dedicated lossless streaming services.
*   **Playlist Management:** Playlist creation and management can be cumbersome, especially on mobile devices. Collaborative playlist features could be enhanced.
*   **Glitchy UI/Features:** Some users complain about bugs that can affect their listening experience.

**Summary Insight:** Addressing the limitations of the free tier and improving music discovery should be a top priority. Enhancing the podcast experience and playlist management will also contribute to increased user satisfaction and engagement.

### 3. üîÑ UX Bottlenecks or Friction Areas

Let‚Äôs think through this...

UX bottlenecks and friction areas can lead to user drop-off and reduced engagement. Identifying these areas and streamlining the user experience is crucial for maximizing user satisfaction.

*   **Onboarding:** The initial onboarding process is generally smooth, but could be further personalized based on user preferences and listening habits.
*   **Discovery:** The ""Discover Weekly"" and ""Release Radar"" playlists are popular, but users often struggle to find similar curated experiences for specific genres or moods. Comparison: YouTube Music's algorithm is sometimes perceived as better at surfacing obscure but relevant content.
*   **Playlisting:** Creating and organizing playlists can be time-consuming, especially on mobile. Drag-and-drop functionality and advanced sorting options are lacking. Comparison: Apple Music's playlist management is slightly more intuitive for some users.
*   **Sharing:** Sharing music and playlists to social media is relatively easy, but could be further integrated with other platforms like Discord or TikTok.
*   **Podcast Navigation:** Navigating the podcast section can be confusing. Categorization and search functionality could be improved.

**Summary Insight:** Spotify needs to refine its discovery algorithms, streamline playlist management, and improve podcast navigation to reduce friction and enhance user engagement. Looking at ways to integrate Spotify with other social platforms will also increase the appeal to younger users.

### 4. üåç Current Market Position

Let‚Äôs think through this...

Spotify is currently the market leader in music streaming, with a significant global user base. However, it faces increasing competition from rivals like Apple Music, Amazon Music, and YouTube Music.

*   **Market Leader:** Spotify boasts the largest number of subscribers and active users globally.
*   **User Perception:** Generally perceived as the go-to platform for music streaming, known for its extensive library, personalized playlists, and social features.
*   **Metrics:** Consistently reports strong growth in subscribers and revenue, although profitability remains a challenge due to high licensing costs.
*   **Reviews:** User reviews are generally positive, but often highlight the pain points mentioned above, such as ads on the free tier and limited offline downloads.

**Summary Insight:** While Spotify maintains its market leadership, it must continue to innovate and address user pain points to stay ahead of the competition. Focusing on profitability by reducing reliance on record label deals, increasing subscription conversion, and offering additional value-added services is crucial.

### 5. üß† Competitive Threats & Opportunities

Let‚Äôs think through this...

Spotify faces intense competition from various players, each with its own strengths and weaknesses. Understanding these competitive pressures is crucial for identifying opportunities and mitigating threats.

*   **Apple Music:** Leverages its ecosystem integration and lossless audio to attract users. *Threat:* Bundling with Apple One services. *Opportunity:* Differentiate with superior personalization and social features.
*   **Amazon Music:** Bundled with Amazon Prime, offering a compelling value proposition for Prime members. *Threat:* Leveraging Amazon's vast customer base and resources. *Opportunity:* Expand into HiFi streaming and podcasting.
*   **YouTube Music:** Combines music streaming with user-generated content and video. *Threat:* Capitalizing on YouTube's massive user base and UGC content library. *Opportunity:* Better artist compensation models.
*   **Deezer:** Focuses on high-fidelity audio and caters to audiophiles. *Threat:* Niche player with a strong focus on audio quality. *Opportunity:* Partnerships with audio hardware manufacturers.
*   **Tidal:** Similar to Deezer with a focus on high-fidelity and a focus on artist ownership and exclusive content. *Threat:* Positioning themselves as ""artists first"". *Opportunity:* Better cross-platform compatibility.

**Opportunities for Spotify:**

*   **AI Personalization:** Further enhance music discovery and personalization using AI.
*   **Creator Monetization:** Develop new tools and features to help artists monetize their content directly on Spotify.
*   **Bundling Strategies:** Explore partnerships with other companies to offer bundled services.
*   **HiFi:** Improved High Fidelity streaming in line with competitors.

**Summary Insight:** Spotify must leverage its strengths in personalization, social features, and creator relationships to differentiate itself from competitors. Investing in AI, creator monetization, and strategic partnerships will be crucial for maintaining its market leadership and driving future growth.

### 6. üîç Porter's Five Forces Summary

| Force | Analysis | Strategic Recommendation |
|-------|----------|--------------------------|
| Threat of New Entrants | Low. High capital expenditure, licensing agreements, and brand recognition requirements create significant barriers to entry. | Focus on innovation and differentiation to maintain its competitive edge and deter new entrants. |
| Bargaining Power of Suppliers | High. Major record labels control a significant portion of the music catalog and can exert pressure on licensing fees. | Develop original content, foster direct artist relationships, and explore alternative licensing models to reduce reliance on record labels. |
| Bargaining Power of Buyers | Medium to High. Users have several alternative streaming services to choose from, making them price-sensitive. | Offer compelling value propositions, such as personalized playlists, exclusive content, and bundled services, to retain subscribers. |
| Threat of Substitutes | High. Alternatives include YouTube, radio, podcasts, and owning music outright. | Enhance the overall user experience, offering unique features and content that cannot be easily replicated by substitutes. |
| Industry Rivalry | High. Intense competition among streaming services, with players vying for subscribers and market share. | Invest in marketing, innovation, and strategic partnerships to gain a competitive advantage and differentiate itself from rivals. |
"
1,Spotify,Tree-of-Thought,tree-thought-ice-v1,Feature Prioritization (ICE Scoring),Prioritization Clarity,4.0,4.5,"It improves tremendously from the last instance. It is well argumented. However still we should input data and give it memory, embeddings and logic to be able to connect the dots based on data. ","However, the evaluation could be improved by explicitly referencing a specific, hypothetical mission, roadmap, or user research (e.g. 'our mission is to improve user engagement', 'this aligns with the Q3 roadmap to improve on-boarding'). Right now it gestures vaguely at the ""company goals"" or ""overall goals and product roadmap"". It's *implied*, but not *grounded* in those earlier contexts.","Okay, I'm ready to analyze these features. Here are three candidate features we could potentially build:

1.  **Personalized Recommendation Engine:** Tailors content recommendations to individual user preferences based on their past behavior.
2.  **Enhanced Search Filters:** Adds advanced filtering options to our search functionality, allowing users to narrow down results by more specific criteria.
3.  **Integration with Third-Party Communication Tools:** Connects our platform with popular communication tools like Slack or Microsoft Teams, allowing users to share information and collaborate more easily.

Let's break down each feature using the ICE scoring framework:

**1. Personalized Recommendation Engine**

*   üöÄ **Impact**: This feature has the potential to significantly increase user engagement and retention by providing more relevant and valuable content. It could also lead to increased conversion rates and revenue. **Score: 9**. *Justification: Personalized recommendations directly address user needs and improve their overall experience, leading to measurable business outcomes.*
*   ‚öôÔ∏è **Confidence**: We have some data on user behavior, but the algorithms required are complex and require tuning. There is a chance personalization efforts might not be on target initially. **Score: 6**. *Justification: While personalization is generally effective, specific implementation challenges and data limitations lower confidence.*
*   ‚öôÔ∏è **Ease**: Implementing a robust recommendation engine requires significant development effort, including algorithm design, data integration, and infrastructure scaling. **Score: 3**. *Justification: This is a complex project with potentially high engineering costs and longer development timelines.*

**2. Enhanced Search Filters**

*   üöÄ **Impact**: Improved search functionality will empower users to find what they need more quickly and easily, leading to increased satisfaction and potentially higher conversion rates. It addresses a common user pain point reported in feedback. **Score: 7**. *Justification: Addresses a well-documented user need, but the impact is likely less dramatic than a personalized recommendation engine.*
*   ‚öôÔ∏è **Confidence**: We have a good understanding of the data we need to filter and the types of filters users would find most useful. Implementing the filters is fairly straightforward. **Score: 8**. *Justification: Based on user feedback and technical feasibility, we're fairly certain this will work as expected.*
*   ‚öôÔ∏è **Ease**: Implementing enhanced search filters is relatively straightforward and can be done with existing resources. **Score: 7**. *Justification: The technical complexity is moderate, and we have experience building similar features.*

**3. Integration with Third-Party Communication Tools**

*   üöÄ **Impact**: This feature could improve collaboration and communication among users, especially in team settings, leading to increased productivity and engagement. **Score: 6**. *Justification: While valuable, the impact is somewhat limited to users who actively collaborate with others within the platform.*
*   ‚öôÔ∏è **Confidence**: We can leverage existing APIs and integrations to connect with popular communication tools. We can prototype and test this easily. **Score: 7**. *Justification: Integrating via well-documented APIs reduces the risk of major technical hurdles.*
*   ‚öôÔ∏è **Ease**: Integrating with third-party APIs requires some effort, but the process is well-defined and doesn't involve significant architectural changes. **Score: 5**. *Justification: While relatively straightforward, managing API integrations and handling potential compatibility issues adds some complexity.*

Now, let's calculate the ICE scores and present them in a table:

```markdown
| Feature                                      | Impact | Confidence | Ease | Total |
|----------------------------------------------|--------|------------|------|-------|
| Personalized Recommendation Engine           | 9      | 6          | 3    | 18    |
| Enhanced Search Filters                    | 7      | 8          | 7    | 8     |
| Integration with Third-Party Communication Tools | 6      | 7          | 5    | 8.4   |
```

**Ranking and Recommendation**

Based on the ICE scores, the **Personalized Recommendation Engine** has the highest total score (18), followed by the third-party integrations (8.4), and then the search filters (8).

**Why the Personalized Recommendation Engine is Most Worth Building:**

While the Search Filters have high Confidence and Ease scores, the recommendation engine has the highest *potential* impact. This is due to the following reasons:

*   **Strategic Alignment**: If a key company goal is to increase user engagement, retention, or conversions, the recommendation engine is the most direct path to achieving these objectives.
*   **Long-Term Value**: While Search Filters offer immediate usability improvements, the recommendation engine has the potential to create a more personalized and engaging experience that keeps users coming back for more. This aligns with a long-term strategy of building user loyalty.
*   **Competitive Advantage**: Implementing a robust recommendation engine can differentiate the platform from competitors and provide a unique value proposition.

Although it involves more effort and uncertainty, the recommendation engine presents the best opportunity to drive significant business results if implemented successfully. It's worth the initial investment to build a foundational algorithm, then continuously iterate and improve it based on user data. This approach prioritizes high-impact features that are important to the overall goals and product roadmap.
"
